dataset,row_count,state,query_column,indexed,avg_ms,min_ms,max_ms,scan_type,shared_hit_blocks,shared_read_blocks
1K,1000,PK,id,Yes,0.014499999999999999,0.011,0.021,Index Scan,3.0,0.0
1K,1000,pk_clone_no_index,pk_clone,No,0.05,0.046,0.057,Seq Scan,6.0,0.0
1K,1000,pk_clone_indexed,pk_clone,Yes,0.0249,0.016,0.046,Index Scan,2.8,0.2
100K,100000,PK,id,Yes,0.0125,0.011,0.018,Index Scan,3.3,0.0
100K,100000,pk_clone_no_index,pk_clone,No,3.7735,3.192,4.244,Seq Scan,541.0,0.0
100K,100000,pk_clone_indexed,pk_clone,Yes,0.0237,0.015,0.033,Index Scan,2.1,0.9
1M,1000000,PK,id,Yes,0.0164,0.012,0.028,Index Scan,4.0,0.0
1M,1000000,pk_clone_no_index,pk_clone,No,18.3722,17.658,20.543,Seq Scan,5406.0,0.0
1M,1000000,pk_clone_indexed,pk_clone,Yes,0.0298,0.015,0.053,Index Scan,2.5,1.5
10M,10000000,PK,id,Yes,0.0227,0.012,0.034,Index Scan,1.9,2.1
10M,10000000,pk_clone_no_index,pk_clone,No,154.2373,149.704,174.442,Seq Scan,11145.0,42910.0
10M,10000000,pk_clone_indexed,pk_clone,Yes,0.028999999999999998,0.013,0.069,Index Scan,1.5,2.5
